invoiceNumber,elsetInvoiceId,elsetCustomer,elsetDate,elsetSubtotalCents,elsetGstCents,elsetTotalCents,elsetPaidCents,elsetBalanceCents,mappedQuickbooksId,category,comparedQbId,comparisonBasis,qbTotalCents,qbBalanceCents,qbInferredPaidCents,linkedTransactionTypes,identityReviewRequired,note,candidatePayments
"INV-0041","servicem8-job-ee443c8f-d147-4e9d-91fa-2342226c28eb:invoice","Candace Newport","2025-09-29","40000","4000","44000","44000","0","","MATCHING_PAYMENT_STATE","28","FIRST_PASS_SELECTED_COUNTERPART","44000","0","44000","[""Payment""]","true","Total less Balance is inferred settlement, not proof of a cash receipt. Numeric matches do not resolve customer/reference/ownership conflicts. See per-candidate allocations and links.","[{""qbId"":""28"",""totalCents"":44000,""balanceCents"":0,""inferredPaidCents"":44000,""linkedTransactions"":[{""type"":""Payment"",""id"":""29"",""via"":""payment allocation""}],""linkedPayments"":[{""id"":""29"",""date"":""2025-10-08"",""customerId"":""10"",""totalCents"":44000,""unappliedCents"":0,""allocations"":[{""amountCents"":44000,""links"":[{""TxnId"":""28"",""TxnType"":""Invoice""}]}],""metadata"":{""CreateTime"":""2025-10-09T15:27:49-07:00"",""LastUpdatedTime"":""2025-10-09T15:27:49-07:00""}}]}]"
"INV-0043","servicem8-job-d2134953-686d-42f6-bf96-23422013baad:invoice","OCPS 514657D C/- MICM","2025-10-09","330000","33000","363000","363000","0","","OTHER","","NO_UNAMBIGUOUS_COUNTERPART","","","","[]","true","Total less Balance is inferred settlement, not proof of a cash receipt. Numeric matches do not resolve customer/reference/ownership conflicts. See per-candidate allocations and links.","[]"
"INV-0070","servicem8-job-ad31803a-ecaa-4522-a751-235c3f7f403d:invoice","Melcorp","2025-10-15","81000","8100","89100","89100","0","","MATCHING_PAYMENT_STATE","54","FIRST_PASS_SELECTED_COUNTERPART","89100","0","89100","[""Payment""]","true","Total less Balance is inferred settlement, not proof of a cash receipt. Numeric matches do not resolve customer/reference/ownership conflicts. See per-candidate allocations and links.","[{""qbId"":""54"",""totalCents"":89100,""balanceCents"":0,""inferredPaidCents"":89100,""linkedTransactions"":[{""type"":""Payment"",""id"":""73"",""via"":""payment allocation""}],""linkedPayments"":[{""id"":""73"",""date"":""2025-11-12"",""customerId"":""22"",""totalCents"":89100,""unappliedCents"":0,""allocations"":[{""amountCents"":89100,""links"":[{""TxnId"":""54"",""TxnType"":""Invoice""}]}],""metadata"":{""CreateTime"":""2025-11-11T20:12:02-08:00"",""LastUpdatedTime"":""2025-11-11T20:12:02-08:00""}}]}]"
"INV-0078","servicem8-job-1bbf85b0-5201-496e-bfec-2366d01db99d:invoice","Emilio Manfrin","2025-10-24","50700","5070","55770","55770","0","","MATCHING_PAYMENT_STATE","56","FIRST_PASS_SELECTED_COUNTERPART","55770","0","55770","[""Payment""]","true","Total less Balance is inferred settlement, not proof of a cash receipt. Numeric matches do not resolve customer/reference/ownership conflicts. See per-candidate allocations and links.","[{""qbId"":""56"",""totalCents"":55770,""balanceCents"":0,""inferredPaidCents"":55770,""linkedTransactions"":[{""type"":""Payment"",""id"":""190"",""via"":""payment allocation""}],""linkedPayments"":[{""id"":""190"",""date"":""2026-03-11"",""customerId"":""23"",""totalCents"":55770,""unappliedCents"":0,""allocations"":[{""amountCents"":55770,""links"":[{""TxnId"":""56"",""TxnType"":""Invoice""}]}],""metadata"":{""CreateTime"":""2026-03-23T20:37:58-07:00"",""LastUpdatedTime"":""2026-03-23T20:37:58-07:00""}}]}]"
"INV-0092","servicem8-job-418c4d6d-51f7-482c-bc4b-2384e59a48bd:invoice","Miller Autralia","2025-11-24","25000","2500","27500","27500","0","","ELSET_PAID_QB_UNPAID","94","FIRST_PASS_SELECTED_COUNTERPART","27500","27500","0","[]","false","Total less Balance is inferred settlement, not proof of a cash receipt. Numeric matches do not resolve customer/reference/ownership conflicts. See per-candidate allocations and links.","[{""qbId"":""94"",""totalCents"":27500,""balanceCents"":27500,""inferredPaidCents"":0,""linkedTransactions"":[],""linkedPayments"":[]}]"
"INV-0091","servicem8-job-6012406c-c56d-4829-9ed7-2384e3a3af8b:invoice","Allied moving Tasmania Pty Ltd","2025-11-24","86000","8600","94600","94600","0","","MATCHING_PAYMENT_STATE","97","FIRST_PASS_SELECTED_COUNTERPART","94600","0","94600","[""Payment""]","true","Total less Balance is inferred settlement, not proof of a cash receipt. Numeric matches do not resolve customer/reference/ownership conflicts. See per-candidate allocations and links.","[{""qbId"":""97"",""totalCents"":94600,""balanceCents"":0,""inferredPaidCents"":94600,""linkedTransactions"":[{""type"":""Payment"",""id"":""115"",""via"":""payment allocation""}],""linkedPayments"":[{""id"":""115"",""date"":""2025-12-24"",""customerId"":""32"",""totalCents"":94600,""unappliedCents"":0,""allocations"":[{""amountCents"":94600,""links"":[{""TxnId"":""97"",""TxnType"":""Invoice""}]}],""metadata"":{""CreateTime"":""2026-01-04T15:06:15-08:00"",""LastUpdatedTime"":""2026-01-04T15:06:15-08:00""}}]}]"
"INV-0095","servicem8-job-754ba2a6-499a-4334-be35-238baa1bcafd:invoice","BURRINDI HOLDINGS P/L","2025-12-01","72300","7230","79530","79530","0","","MATCHING_PAYMENT_STATE","102","FIRST_PASS_SELECTED_COUNTERPART","79530","0","79530","[""Payment""]","true","Total less Balance is inferred settlement, not proof of a cash receipt. Numeric matches do not resolve customer/reference/ownership conflicts. See per-candidate allocations and links.","[{""qbId"":""102"",""totalCents"":79530,""balanceCents"":0,""inferredPaidCents"":79530,""linkedTransactions"":[{""type"":""Payment"",""id"":""104"",""via"":""payment allocation""}],""linkedPayments"":[{""id"":""104"",""date"":""2025-12-01"",""customerId"":""36"",""totalCents"":79530,""unappliedCents"":0,""allocations"":[{""amountCents"":79530,""links"":[{""TxnId"":""102"",""TxnType"":""Invoice""}]}],""metadata"":{""CreateTime"":""2025-12-03T19:46:42-08:00"",""LastUpdatedTime"":""2025-12-03T19:46:42-08:00""}}]}]"
"INV-0035","servicem8-job-09653040-2a2c-4ff6-bef0-23404fad6bdd:invoice","Colour Earth Wrough Ironworks","2025-12-04","1100000","110000","1210000","1210000","0","","PAYMENT_AMOUNT_DIFF","105","FIRST_PASS_SELECTED_COUNTERPART","1210000","600000","610000","[""Payment""]","true","Total less Balance is inferred settlement, not proof of a cash receipt. Numeric matches do not resolve customer/reference/ownership conflicts. See per-candidate allocations and links.","[{""qbId"":""105"",""totalCents"":1210000,""balanceCents"":600000,""inferredPaidCents"":610000,""linkedTransactions"":[{""type"":""Payment"",""id"":""111"",""via"":""payment allocation""}],""linkedPayments"":[{""id"":""111"",""date"":""2025-12-23"",""customerId"":""14"",""totalCents"":610000,""unappliedCents"":0,""allocations"":[{""amountCents"":610000,""links"":[{""TxnId"":""105"",""TxnType"":""Invoice""}]}],""metadata"":{""CreateTime"":""2026-01-04T14:13:04-08:00"",""LastUpdatedTime"":""2026-01-04T14:13:04-08:00""}}]}]"
"INV-0107","servicem8-job-4b828477-8a36-466c-a845-2399be083fdd:invoice","O.C Strata Mangement","2025-12-15","21000","2100","23100","23100","0","","ELSET_PAID_QB_UNPAID","142","FIRST_PASS_SELECTED_COUNTERPART","23100","23100","0","[]","false","Total less Balance is inferred settlement, not proof of a cash receipt. Numeric matches do not resolve customer/reference/ownership conflicts. See per-candidate allocations and links.","[{""qbId"":""142"",""totalCents"":23100,""balanceCents"":23100,""inferredPaidCents"":0,""linkedTransactions"":[],""linkedPayments"":[]}]"
"INV-0137","servicem8-job-3909c52b-bc86-4cde-bfc3-23da297a0bdd:invoice","FREIGHT MANAGEMENT SERVICES","2026-02-18","211500","21150","232650","232650","0","","MATCHING_PAYMENT_STATE","148","FIRST_PASS_SELECTED_COUNTERPART","232650","0","232650","[""Payment""]","true","Total less Balance is inferred settlement, not proof of a cash receipt. Numeric matches do not resolve customer/reference/ownership conflicts. See per-candidate allocations and links.","[{""qbId"":""148"",""totalCents"":232650,""balanceCents"":0,""inferredPaidCents"":232650,""linkedTransactions"":[{""type"":""Payment"",""id"":""158"",""via"":""payment allocation""}],""linkedPayments"":[{""id"":""158"",""date"":""2026-02-27"",""customerId"":""50"",""totalCents"":232650,""unappliedCents"":0,""allocations"":[{""amountCents"":232650,""links"":[{""TxnId"":""148"",""TxnType"":""Invoice""}]}],""metadata"":{""CreateTime"":""2026-03-01T14:12:02-08:00"",""LastUpdatedTime"":""2026-03-01T14:12:02-08:00""}}]}]"
"INV-0142","servicem8-job-b38fc26e-3397-4e9f-b987-23dc39db68dd:invoice","Colour Earth Wrough Ironworks","2026-02-19","50000","5000","55000","0","55000","","OTHER","","NO_UNAMBIGUOUS_COUNTERPART","","","","[]","true","Total less Balance is inferred settlement, not proof of a cash receipt. Numeric matches do not resolve customer/reference/ownership conflicts. See per-candidate allocations and links.","[]"
"INV-0113","servicem8-job-f9efa06c-7ee5-4574-9aa2-23af65ee9fed:invoice","Debbie Phillips","2026-02-27","1420000","142000","1562000","1562000","0","","OTHER","","NO_UNAMBIGUOUS_COUNTERPART","","","","[]","true","Total less Balance is inferred settlement, not proof of a cash receipt. Numeric matches do not resolve customer/reference/ownership conflicts. See per-candidate allocations and links.","[{""qbId"":""292"",""totalCents"":1562000,""balanceCents"":0,""inferredPaidCents"":1562000,""linkedTransactions"":[{""type"":""Payment"",""id"":""298"",""via"":""payment allocation""},{""type"":""Payment"",""id"":""299"",""via"":""payment allocation""}],""linkedPayments"":[{""id"":""298"",""date"":""2026-02-18"",""customerId"":""82"",""totalCents"":781000,""unappliedCents"":0,""allocations"":[{""amountCents"":781000,""links"":[{""TxnId"":""292"",""TxnType"":""Invoice""}]}],""metadata"":{""CreateTime"":""2026-08-11T16:28:55-07:00"",""LastUpdatedTime"":""2026-08-11T16:28:55-07:00""}},{""id"":""299"",""date"":""2026-02-04"",""customerId"":""82"",""totalCents"":781000,""unappliedCents"":0,""allocations"":[{""amountCents"":781000,""links"":[{""TxnId"":""292"",""TxnType"":""Invoice""}]}],""metadata"":{""CreateTime"":""2026-08-11T16:28:55-07:00"",""LastUpdatedTime"":""2026-08-11T16:28:55-07:00""}}]}]"
"INV-0152","servicem8-job-76ca67d3-7bc1-456d-b329-23e9307a4a8d:invoice","ANDREW DONALDSON","2026-03-05","60000","6000","66000","66000","0","","ELSET_PAID_QB_UNPAID","159","FIRST_PASS_SELECTED_COUNTERPART","66000","66000","0","[]","false","Total less Balance is inferred settlement, not proof of a cash receipt. Numeric matches do not resolve customer/reference/ownership conflicts. See per-candidate allocations and links.","[{""qbId"":""159"",""totalCents"":66000,""balanceCents"":66000,""inferredPaidCents"":0,""linkedTransactions"":[],""linkedPayments"":[]}]"
"INV-0153","servicem8-job-109ce7ef-4fc9-4077-a1be-23ee40e83ebd:invoice","Kenny","2026-03-10","40000","4000","44000","44000","0","","MATCHING_PAYMENT_STATE","174","FIRST_PASS_SELECTED_COUNTERPART","44000","0","44000","[""Payment""]","true","Total less Balance is inferred settlement, not proof of a cash receipt. Numeric matches do not resolve customer/reference/ownership conflicts. See per-candidate allocations and links.","[{""qbId"":""174"",""totalCents"":44000,""balanceCents"":0,""inferredPaidCents"":44000,""linkedTransactions"":[{""type"":""Payment"",""id"":""222"",""via"":""payment allocation""}],""linkedPayments"":[{""id"":""222"",""date"":""2026-05-08"",""customerId"":""54"",""totalCents"":44000,""unappliedCents"":0,""allocations"":[{""amountCents"":44000,""links"":[{""TxnId"":""174"",""TxnType"":""Invoice""}]}],""metadata"":{""CreateTime"":""2026-05-26T22:02:16-07:00"",""LastUpdatedTime"":""2026-05-26T22:02:16-07:00""}}]}]"
"INV-0154","servicem8-job-2c18390c-5da1-49f5-b659-23ee4cce1aed:invoice","AMV HOMES","2026-03-10","76500","7650","84150","84150","0","","MATCHING_PAYMENT_STATE","175","FIRST_PASS_SELECTED_COUNTERPART","84150","0","84150","[""Payment""]","true","Total less Balance is inferred settlement, not proof of a cash receipt. Numeric matches do not resolve customer/reference/ownership conflicts. See per-candidate allocations and links.","[{""qbId"":""175"",""totalCents"":84150,""balanceCents"":0,""inferredPaidCents"":84150,""linkedTransactions"":[{""type"":""Payment"",""id"":""267"",""via"":""payment allocation""}],""linkedPayments"":[{""id"":""267"",""date"":""2026-06-30"",""customerId"":""55"",""totalCents"":84150,""unappliedCents"":0,""allocations"":[{""amountCents"":84150,""links"":[{""TxnId"":""175"",""TxnType"":""Invoice""}]}],""metadata"":{""CreateTime"":""2026-08-06T17:30:50-07:00"",""LastUpdatedTime"":""2026-08-06T17:30:50-07:00""}}]}]"
"INV-0169","servicem8-job-205ae649-78a7-481c-80d1-23f411fd100d:invoice","28 BOKHARA ROAD PTY LTD","2026-03-16","400000","40000","440000","440000","0","","MATCHING_PAYMENT_STATE","184","FIRST_PASS_SELECTED_COUNTERPART","440000","0","440000","[""Payment""]","true","Total less Balance is inferred settlement, not proof of a cash receipt. Numeric matches do not resolve customer/reference/ownership conflicts. See per-candidate allocations and links.","[{""qbId"":""184"",""totalCents"":440000,""balanceCents"":0,""inferredPaidCents"":440000,""linkedTransactions"":[{""type"":""Payment"",""id"":""188"",""via"":""payment allocation""}],""linkedPayments"":[{""id"":""188"",""date"":""2026-03-16"",""customerId"":""58"",""totalCents"":440000,""unappliedCents"":0,""allocations"":[{""amountCents"":440000,""links"":[{""TxnId"":""184"",""TxnType"":""Invoice""}]}],""metadata"":{""CreateTime"":""2026-03-23T20:37:58-07:00"",""LastUpdatedTime"":""2026-03-23T20:37:58-07:00""}}]}]"
"INV-0163","servicem8-job-7b6432c2-621e-422a-af80-23f412e4e50d:invoice","Onpoint Commercial","2026-03-16","39000","3900","42900","42900","0","","MATCHING_PAYMENT_STATE","180","FIRST_PASS_SELECTED_COUNTERPART","42900","0","42900","[""Payment""]","true","Total less Balance is inferred settlement, not proof of a cash receipt. Numeric matches do not resolve customer/reference/ownership conflicts. See per-candidate allocations and links.","[{""qbId"":""180"",""totalCents"":42900,""balanceCents"":0,""inferredPaidCents"":42900,""linkedTransactions"":[{""type"":""Payment"",""id"":""223"",""via"":""payment allocation""}],""linkedPayments"":[{""id"":""223"",""date"":""2026-04-30"",""customerId"":""57"",""totalCents"":42900,""unappliedCents"":0,""allocations"":[{""amountCents"":42900,""links"":[{""TxnId"":""180"",""TxnType"":""Invoice""}]}],""metadata"":{""CreateTime"":""2026-05-26T22:02:16-07:00"",""LastUpdatedTime"":""2026-05-26T22:02:16-07:00""}}]}]"
"INV-0164","servicem8-job-ad42be06-dfe8-45e4-9eb1-23f4176d0e5d:invoice","Onpoint Commercial","2026-03-16","25000","2500","27500","27500","0","","MATCHING_PAYMENT_STATE","181","FIRST_PASS_SELECTED_COUNTERPART","27500","0","27500","[""Payment""]","true","Total less Balance is inferred settlement, not proof of a cash receipt. Numeric matches do not resolve customer/reference/ownership conflicts. See per-candidate allocations and links.","[{""qbId"":""181"",""totalCents"":27500,""balanceCents"":0,""inferredPaidCents"":27500,""linkedTransactions"":[{""type"":""Payment"",""id"":""224"",""via"":""payment allocation""}],""linkedPayments"":[{""id"":""224"",""date"":""2026-04-23"",""customerId"":""57"",""totalCents"":27500,""unappliedCents"":0,""allocations"":[{""amountCents"":27500,""links"":[{""TxnId"":""181"",""TxnType"":""Invoice""}]}],""metadata"":{""CreateTime"":""2026-05-26T22:02:16-07:00"",""LastUpdatedTime"":""2026-05-26T22:02:16-07:00""}}]}]"
"INV-0170","servicem8-job-7180c8c5-0218-46a5-baa0-23f62f81c89d:invoice","Onpoint Commercial","2026-03-18","49800","4980","54780","54780","0","","MATCHING_PAYMENT_STATE","185","FIRST_PASS_SELECTED_COUNTERPART","54780","0","54780","[""Payment""]","true","Total less Balance is inferred settlement, not proof of a cash receipt. Numeric matches do not resolve customer/reference/ownership conflicts. See per-candidate allocations and links.","[{""qbId"":""185"",""totalCents"":54780,""balanceCents"":0,""inferredPaidCents"":54780,""linkedTransactions"":[{""type"":""Payment"",""id"":""210"",""via"":""payment allocation""}],""linkedPayments"":[{""id"":""210"",""date"":""2026-04-21"",""customerId"":""57"",""totalCents"":54780,""unappliedCents"":0,""allocations"":[{""amountCents"":54780,""links"":[{""TxnId"":""185"",""TxnType"":""Invoice""}]}],""metadata"":{""CreateTime"":""2026-04-21T19:01:55-07:00"",""LastUpdatedTime"":""2026-04-21T19:01:55-07:00""}}]}]"
"INV-0171","servicem8-job-b01eeaf3-0443-4ef2-8cc8-23f62b58f45d:invoice","Onpoint Commercial","2026-03-18","39000","3900","42900","42900","0","","MATCHING_PAYMENT_STATE","186","FIRST_PASS_SELECTED_COUNTERPART","42900","0","42900","[""Payment""]","true","Total less Balance is inferred settlement, not proof of a cash receipt. Numeric matches do not resolve customer/reference/ownership conflicts. See per-candidate allocations and links.","[{""qbId"":""186"",""totalCents"":42900,""balanceCents"":0,""inferredPaidCents"":42900,""linkedTransactions"":[{""type"":""Payment"",""id"":""207"",""via"":""payment allocation""}],""linkedPayments"":[{""id"":""207"",""date"":""2026-03-31"",""customerId"":""57"",""totalCents"":42900,""unappliedCents"":0,""allocations"":[{""amountCents"":42900,""links"":[{""TxnId"":""186"",""TxnType"":""Invoice""}]}],""metadata"":{""CreateTime"":""2026-04-08T16:40:25-07:00"",""LastUpdatedTime"":""2026-04-08T16:40:25-07:00""}}]}]"
"INV-0181","servicem8-job-22f4a1e4-67dd-4beb-9dfc-24121b5c92cd:invoice","Annie Williams","2026-04-15","98000","9800","107800","107800","0","","MATCHING_PAYMENT_STATE","208","FIRST_PASS_SELECTED_COUNTERPART","107800","0","107800","[""Payment""]","true","Total less Balance is inferred settlement, not proof of a cash receipt. Numeric matches do not resolve customer/reference/ownership conflicts. See per-candidate allocations and links.","[{""qbId"":""208"",""totalCents"":107800,""balanceCents"":0,""inferredPaidCents"":107800,""linkedTransactions"":[{""type"":""Payment"",""id"":""215"",""via"":""payment allocation""}],""linkedPayments"":[{""id"":""215"",""date"":""2026-04-24"",""customerId"":""64"",""totalCents"":107800,""unappliedCents"":0,""allocations"":[{""amountCents"":107800,""links"":[{""TxnId"":""208"",""TxnType"":""Invoice""}]}],""metadata"":{""CreateTime"":""2026-04-29T17:38:37-07:00"",""LastUpdatedTime"":""2026-04-29T17:38:37-07:00""}}]}]"
"INV-0185","servicem8-job-d8071f30-4e82-464d-8cb4-241908e3131d:invoice","Mirella Makcon","2026-04-22","57000","5700","62700","62700","0","","MATCHING_PAYMENT_STATE","333","FIRST_PASS_SELECTED_COUNTERPART","62700","0","62700","[""Payment""]","true","Total less Balance is inferred settlement, not proof of a cash receipt. Numeric matches do not resolve customer/reference/ownership conflicts. See per-candidate allocations and links.","[{""qbId"":""333"",""totalCents"":62700,""balanceCents"":0,""inferredPaidCents"":62700,""linkedTransactions"":[{""type"":""Payment"",""id"":""335"",""via"":""payment allocation""}],""linkedPayments"":[{""id"":""335"",""date"":""2026-04-22"",""customerId"":""91"",""totalCents"":62700,""unappliedCents"":0,""allocations"":[{""amountCents"":62700,""links"":[{""TxnId"":""333"",""TxnType"":""Invoice""}]}],""metadata"":{""CreateTime"":""2026-08-11T16:49:37-07:00"",""LastUpdatedTime"":""2026-08-11T16:49:37-07:00""}}]}]"
"INV-0186","servicem8-job-e0882d84-411f-4848-ad23-241ac844633d:invoice","DOMENIC LOCANDRO","2026-04-22","48000","4800","52800","52800","0","","ELSET_PAID_QB_UNPAID","211","FIRST_PASS_SELECTED_COUNTERPART","52800","52800","0","[]","true","Total less Balance is inferred settlement, not proof of a cash receipt. Numeric matches do not resolve customer/reference/ownership conflicts. See per-candidate allocations and links.","[{""qbId"":""211"",""totalCents"":52800,""balanceCents"":52800,""inferredPaidCents"":0,""linkedTransactions"":[],""linkedPayments"":[]}]"
"INV-0189","servicem8-job-716bb5f8-3995-44e7-874e-2423ac9e440d:invoice","DOMLIA Property Group Pt Ltd","2026-05-01","298000","29800","327800","327800","0","","MATCHING_PAYMENT_STATE","217","FIRST_PASS_SELECTED_COUNTERPART","327800","0","327800","[""Payment""]","true","Total less Balance is inferred settlement, not proof of a cash receipt. Numeric matches do not resolve customer/reference/ownership conflicts. See per-candidate allocations and links.","[{""qbId"":""217"",""totalCents"":327800,""balanceCents"":0,""inferredPaidCents"":327800,""linkedTransactions"":[{""type"":""Payment"",""id"":""219"",""via"":""payment allocation""}],""linkedPayments"":[{""id"":""219"",""date"":""2026-05-04"",""customerId"":""67"",""totalCents"":327800,""unappliedCents"":0,""allocations"":[{""amountCents"":327800,""links"":[{""TxnId"":""217"",""TxnType"":""Invoice""}]}],""metadata"":{""CreateTime"":""2026-05-06T20:02:29-07:00"",""LastUpdatedTime"":""2026-05-06T20:02:29-07:00""}}]}]"
"INV-0191","servicem8-job-0c944010-a86a-4574-a175-2428c432e85d:invoice","Melcorp","2026-05-07","148000","14800","162800","162800","0","","MATCHING_PAYMENT_STATE","296","FIRST_PASS_SELECTED_COUNTERPART","162800","0","162800","[""Payment""]","true","Total less Balance is inferred settlement, not proof of a cash receipt. Numeric matches do not resolve customer/reference/ownership conflicts. See per-candidate allocations and links.","[{""qbId"":""296"",""totalCents"":162800,""balanceCents"":0,""inferredPaidCents"":162800,""linkedTransactions"":[{""type"":""Payment"",""id"":""304"",""via"":""payment allocation""}],""linkedPayments"":[{""id"":""304"",""date"":""2026-05-13"",""customerId"":""22"",""totalCents"":162800,""unappliedCents"":0,""allocations"":[{""amountCents"":162800,""links"":[{""TxnId"":""296"",""TxnType"":""Invoice""}]}],""metadata"":{""CreateTime"":""2026-08-11T16:28:56-07:00"",""LastUpdatedTime"":""2026-08-11T16:28:56-07:00""}}]}]"
"INV-0194","servicem8-job-648ffe4d-d388-47f0-ba15-242de94aa37d:invoice","Melcorp","2026-05-12","64000","6400","70400","70400","0","","MATCHING_PAYMENT_STATE","294","FIRST_PASS_SELECTED_COUNTERPART","70400","0","70400","[""Payment""]","true","Total less Balance is inferred settlement, not proof of a cash receipt. Numeric matches do not resolve customer/reference/ownership conflicts. See per-candidate allocations and links.","[{""qbId"":""294"",""totalCents"":70400,""balanceCents"":0,""inferredPaidCents"":70400,""linkedTransactions"":[{""type"":""Payment"",""id"":""305"",""via"":""payment allocation""}],""linkedPayments"":[{""id"":""305"",""date"":""2026-05-20"",""customerId"":""22"",""totalCents"":70400,""unappliedCents"":0,""allocations"":[{""amountCents"":70400,""links"":[{""TxnId"":""294"",""TxnType"":""Invoice""}]}],""metadata"":{""CreateTime"":""2026-08-11T16:28:56-07:00"",""LastUpdatedTime"":""2026-08-11T16:28:56-07:00""}}]}]"
"INV-0139","servicem8-job-30237859-cec5-49c4-8f75-23da2f75af1d:invoice","Melcorp","2026-05-20","560000","56000","616000","616000","0","","MATCHING_PAYMENT_STATE","327","FIRST_PASS_SELECTED_COUNTERPART","616000","0","616000","[""Payment""]","true","Total less Balance is inferred settlement, not proof of a cash receipt. Numeric matches do not resolve customer/reference/ownership conflicts. See per-candidate allocations and links.","[{""qbId"":""327"",""totalCents"":616000,""balanceCents"":0,""inferredPaidCents"":616000,""linkedTransactions"":[{""type"":""Payment"",""id"":""342"",""via"":""payment allocation""}],""linkedPayments"":[{""id"":""342"",""date"":""2026-06-02"",""customerId"":""22"",""totalCents"":616000,""unappliedCents"":0,""allocations"":[{""amountCents"":616000,""links"":[{""TxnId"":""327"",""TxnType"":""Invoice""}]}],""metadata"":{""CreateTime"":""2026-08-11T16:49:39-07:00"",""LastUpdatedTime"":""2026-08-11T16:49:39-07:00""}}]}]"
"INV-0195","servicem8-job-e44972f0-ff1b-4eb8-a243-2434ff64ef1a:invoice","jasbe Investements PTY LYD","2026-05-25","275000","27500","302500","302500","0","","OTHER","","NO_UNAMBIGUOUS_COUNTERPART","","","","[]","true","Total less Balance is inferred settlement, not proof of a cash receipt. Numeric matches do not resolve customer/reference/ownership conflicts. See per-candidate allocations and links.","[]"
"INV-0202","servicem8-job-41a97852-1090-496c-90d8-24432738110d:invoice","Onpoint Commercial","2026-06-02","46000","4600","50600","50600","0","","MATCHING_PAYMENT_STATE","226","FIRST_PASS_SELECTED_COUNTERPART","50600","0","50600","[""Payment""]","true","Total less Balance is inferred settlement, not proof of a cash receipt. Numeric matches do not resolve customer/reference/ownership conflicts. See per-candidate allocations and links.","[{""qbId"":""226"",""totalCents"":50600,""balanceCents"":0,""inferredPaidCents"":50600,""linkedTransactions"":[{""type"":""Payment"",""id"":""271"",""via"":""payment allocation""}],""linkedPayments"":[{""id"":""271"",""date"":""2026-06-24"",""customerId"":""57"",""totalCents"":50600,""unappliedCents"":0,""allocations"":[{""amountCents"":50600,""links"":[{""TxnId"":""226"",""TxnType"":""Invoice""}]}],""metadata"":{""CreateTime"":""2026-08-06T17:30:51-07:00"",""LastUpdatedTime"":""2026-08-06T17:30:51-07:00""}}]}]"
"INV-0203","servicem8-job-457396ea-ec2f-499a-ac2f-244327da3fed:invoice","Melcorp","2026-06-02","55000","5500","60500","60500","0","","MATCHING_PAYMENT_STATE","227","FIRST_PASS_SELECTED_COUNTERPART","60500","0","60500","[""Payment""]","true","Total less Balance is inferred settlement, not proof of a cash receipt. Numeric matches do not resolve customer/reference/ownership conflicts. See per-candidate allocations and links.","[{""qbId"":""227"",""totalCents"":60500,""balanceCents"":0,""inferredPaidCents"":60500,""linkedTransactions"":[{""type"":""Payment"",""id"":""276"",""via"":""payment allocation""}],""linkedPayments"":[{""id"":""276"",""date"":""2026-06-06"",""customerId"":""22"",""totalCents"":60500,""unappliedCents"":0,""allocations"":[{""amountCents"":60500,""links"":[{""TxnId"":""227"",""TxnType"":""Invoice""}]}],""metadata"":{""CreateTime"":""2026-08-06T17:30:52-07:00"",""LastUpdatedTime"":""2026-08-06T17:30:52-07:00""}}]}]"
"INV-0030","servicem8-job-87dcc227-f219-42ed-ac3d-233b1e5cf24d:invoice","YOUR owners corporation","2026-06-18","51000","5100","56100","56100","0","","OTHER","","NO_UNAMBIGUOUS_COUNTERPART","","","","[]","true","Total less Balance is inferred settlement, not proof of a cash receipt. Numeric matches do not resolve customer/reference/ownership conflicts. See per-candidate allocations and links.","[]"
"INV-0192","servicem8-job-a2b148df-fc64-45df-a961-2428c8da91ad:invoice","Domain Prestige Homes","2026-06-18","1050000","105000","1155000","577500","577500","","OTHER","","NO_UNAMBIGUOUS_COUNTERPART","","","","[]","true","Total less Balance is inferred settlement, not proof of a cash receipt. Numeric matches do not resolve customer/reference/ownership conflicts. See per-candidate allocations and links.","[]"
"INV-0145","servicem8-job-a97e87bc-442c-482a-b9e0-23e04e80170d:invoice","MBCM FOOTRSCRAY/ ASCOT VALE","2026-06-18","614000","61400","675400","675400","0","","OTHER","","NO_UNAMBIGUOUS_COUNTERPART","","","","[]","true","Total less Balance is inferred settlement, not proof of a cash receipt. Numeric matches do not resolve customer/reference/ownership conflicts. See per-candidate allocations and links.","[]"
"INV-0133","servicem8-job-bce2fe26-414d-4bd2-8da8-23d3470d00dd:invoice","GN Building Group PL","2026-06-18","410000","41000","451000","451000","0","","OTHER","","NO_UNAMBIGUOUS_COUNTERPART","","","","[]","true","Total less Balance is inferred settlement, not proof of a cash receipt. Numeric matches do not resolve customer/reference/ownership conflicts. See per-candidate allocations and links.","[]"
"INV-0114","servicem8-job-ceb61857-32ee-4d96-8890-23b1bf8e95cd:invoice","Melcorp","2026-06-18","480000","48000","528000","0","528000","","OTHER","","NO_UNAMBIGUOUS_COUNTERPART","","","","[]","true","Total less Balance is inferred settlement, not proof of a cash receipt. Numeric matches do not resolve customer/reference/ownership conflicts. See per-candidate allocations and links.","[]"
"INV-0215","servicem8-job-100bb050-d97e-4b96-9b00-24540f33979d:invoice","Candace Newport","2026-06-19","59000","5900","64900","64900","0","","MATCHING_PAYMENT_STATE","244","FIRST_PASS_SELECTED_COUNTERPART","64900","0","64900","[""Payment""]","true","Total less Balance is inferred settlement, not proof of a cash receipt. Numeric matches do not resolve customer/reference/ownership conflicts. See per-candidate allocations and links.","[{""qbId"":""244"",""totalCents"":64900,""balanceCents"":0,""inferredPaidCents"":64900,""linkedTransactions"":[{""type"":""Payment"",""id"":""269"",""via"":""payment allocation""}],""linkedPayments"":[{""id"":""269"",""date"":""2026-06-25"",""customerId"":""10"",""totalCents"":64900,""unappliedCents"":0,""allocations"":[{""amountCents"":64900,""links"":[{""TxnId"":""244"",""TxnType"":""Invoice""}]}],""metadata"":{""CreateTime"":""2026-08-06T17:30:50-07:00"",""LastUpdatedTime"":""2026-08-06T17:30:50-07:00""}}]}]"
"INV-0213","servicem8-job-131b5673-1752-490f-9f88-245404bb600d:invoice","MBCM ST KILDA","2026-06-19","45000","4500","49500","49500","0","","ELSET_PAID_QB_UNPAID","242","FIRST_PASS_SELECTED_COUNTERPART","49500","49500","0","[]","true","Total less Balance is inferred settlement, not proof of a cash receipt. Numeric matches do not resolve customer/reference/ownership conflicts. See per-candidate allocations and links.","[{""qbId"":""242"",""totalCents"":49500,""balanceCents"":49500,""inferredPaidCents"":0,""linkedTransactions"":[],""linkedPayments"":[]}]"
"INV-0216","servicem8-job-91a7d54a-9dc6-4ffa-80ea-24540255e10d:invoice","Melcorp","2026-06-19","85000","8500","93500","93500","0","","OTHER","","NO_UNAMBIGUOUS_COUNTERPART","","","","[]","true","Total less Balance is inferred settlement, not proof of a cash receipt. Numeric matches do not resolve customer/reference/ownership conflicts. See per-candidate allocations and links.","[{""qbId"":""245"",""totalCents"":440000,""balanceCents"":0,""inferredPaidCents"":440000,""linkedTransactions"":[{""type"":""Payment"",""id"":""270"",""via"":""payment allocation""}],""linkedPayments"":[{""id"":""270"",""date"":""2026-06-24"",""customerId"":""70"",""totalCents"":440000,""unappliedCents"":0,""allocations"":[{""amountCents"":440000,""links"":[{""TxnId"":""245"",""TxnType"":""Invoice""}]}],""metadata"":{""CreateTime"":""2026-08-06T17:30:50-07:00"",""LastUpdatedTime"":""2026-08-06T17:30:50-07:00""}}]}]"
"INV-0217","servicem8-job-c33b6eaa-9686-436c-9efc-245400a6cb4d:invoice","Tom Gorog","2026-06-19","72800","7280","80080","80080","0","","OTHER","","NO_UNAMBIGUOUS_COUNTERPART","","","","[]","true","Total less Balance is inferred settlement, not proof of a cash receipt. Numeric matches do not resolve customer/reference/ownership conflicts. See per-candidate allocations and links.","[{""qbId"":""246"",""totalCents"":517000,""balanceCents"":400400,""inferredPaidCents"":116600,""linkedTransactions"":[{""type"":""Payment"",""id"":""25"",""via"":""payment allocation""}],""linkedPayments"":[{""id"":""25"",""date"":""2025-10-03"",""customerId"":""9"",""totalCents"":154000,""unappliedCents"":0,""allocations"":[{""amountCents"":116600,""links"":[{""TxnId"":""246"",""TxnType"":""Invoice""}]}],""metadata"":{""CreateTime"":""2025-10-07T16:30:33-07:00"",""LastUpdatedTime"":""2026-07-21T18:51:29-07:00""}}]}]"
"INV-0218","servicem8-job-da5e0b69-d4e7-4781-b72b-2458563fff2d:invoice","DTV Construction Group PTY LTD","2026-06-23","400000","40000","440000","440000","0","","MATCHING_PAYMENT_STATE","245","SECOND_PASS_CLEAR_CANDIDATE_PROPOSAL","440000","0","440000","[""Payment""]","true","Total less Balance is inferred settlement, not proof of a cash receipt. Numeric matches do not resolve customer/reference/ownership conflicts. See per-candidate allocations and links.","[{""qbId"":""245"",""totalCents"":440000,""balanceCents"":0,""inferredPaidCents"":440000,""linkedTransactions"":[{""type"":""Payment"",""id"":""270"",""via"":""payment allocation""}],""linkedPayments"":[{""id"":""270"",""date"":""2026-06-24"",""customerId"":""70"",""totalCents"":440000,""unappliedCents"":0,""allocations"":[{""amountCents"":440000,""links"":[{""TxnId"":""245"",""TxnType"":""Invoice""}]}],""metadata"":{""CreateTime"":""2026-08-06T17:30:50-07:00"",""LastUpdatedTime"":""2026-08-06T17:30:50-07:00""}}]},{""qbId"":""247"",""totalCents"":41250,""balanceCents"":0,""inferredPaidCents"":41250,""linkedTransactions"":[{""type"":""Payment"",""id"":""263"",""via"":""payment allocation""}],""linkedPayments"":[{""id"":""263"",""date"":""2026-07-28"",""customerId"":""9"",""totalCents"":41250,""unappliedCents"":0,""allocations"":[{""amountCents"":41250,""links"":[{""TxnId"":""247"",""TxnType"":""Invoice""}]}],""metadata"":{""CreateTime"":""2026-08-06T17:30:49-07:00"",""LastUpdatedTime"":""2026-08-06T17:30:49-07:00""}}]}]"
"INV-0219","servicem8-job-019f8778-d21d-7eaa-947d-1256238f456d:invoice","OCPS 514657D C/- MICM","2026-07-22","470000","47000","517000","517000","0","","PAYMENT_AMOUNT_DIFF","246","SECOND_PASS_CLEAR_CANDIDATE_PROPOSAL","517000","400400","116600","[""Payment""]","true","Total less Balance is inferred settlement, not proof of a cash receipt. Numeric matches do not resolve customer/reference/ownership conflicts. See per-candidate allocations and links.","[{""qbId"":""246"",""totalCents"":517000,""balanceCents"":400400,""inferredPaidCents"":116600,""linkedTransactions"":[{""type"":""Payment"",""id"":""25"",""via"":""payment allocation""}],""linkedPayments"":[{""id"":""25"",""date"":""2025-10-03"",""customerId"":""9"",""totalCents"":154000,""unappliedCents"":0,""allocations"":[{""amountCents"":116600,""links"":[{""TxnId"":""246"",""TxnType"":""Invoice""}]}],""metadata"":{""CreateTime"":""2025-10-07T16:30:33-07:00"",""LastUpdatedTime"":""2026-07-21T18:51:29-07:00""}}]},{""qbId"":""285"",""totalCents"":49500,""balanceCents"":0,""inferredPaidCents"":49500,""linkedTransactions"":[{""type"":""Payment"",""id"":""286"",""via"":""payment allocation""}],""linkedPayments"":[{""id"":""286"",""date"":""2026-06-29"",""customerId"":""80"",""totalCents"":49500,""unappliedCents"":0,""allocations"":[{""amountCents"":49500,""links"":[{""TxnId"":""285"",""TxnType"":""Invoice""}]}],""metadata"":{""CreateTime"":""2026-08-11T16:27:53-07:00"",""LastUpdatedTime"":""2026-08-11T16:27:53-07:00""}}]}]"
"INV-0220","servicem8-job-019f8785-2c11-7eaa-947c-6a4d8ef8aead:invoice","OCPS 514657D C/- MICM","2026-07-22","37500","3750","41250","41250","0","","MATCHING_PAYMENT_STATE","247","SECOND_PASS_CLEAR_CANDIDATE_PROPOSAL","41250","0","41250","[""Payment""]","true","Total less Balance is inferred settlement, not proof of a cash receipt. Numeric matches do not resolve customer/reference/ownership conflicts. See per-candidate allocations and links.","[{""qbId"":""247"",""totalCents"":41250,""balanceCents"":0,""inferredPaidCents"":41250,""linkedTransactions"":[{""type"":""Payment"",""id"":""263"",""via"":""payment allocation""}],""linkedPayments"":[{""id"":""263"",""date"":""2026-07-28"",""customerId"":""9"",""totalCents"":41250,""unappliedCents"":0,""allocations"":[{""amountCents"":41250,""links"":[{""TxnId"":""247"",""TxnType"":""Invoice""}]}],""metadata"":{""CreateTime"":""2026-08-06T17:30:49-07:00"",""LastUpdatedTime"":""2026-08-06T17:30:49-07:00""}}]},{""qbId"":""248"",""totalCents"":88000,""balanceCents"":0,""inferredPaidCents"":88000,""linkedTransactions"":[{""type"":""Payment"",""id"":""264"",""via"":""payment allocation""}],""linkedPayments"":[{""id"":""264"",""date"":""2026-07-24"",""customerId"":""71"",""totalCents"":88000,""unappliedCents"":0,""allocations"":[{""amountCents"":88000,""links"":[{""TxnId"":""248"",""TxnType"":""Invoice""}]}],""metadata"":{""CreateTime"":""2026-08-06T17:30:49-07:00"",""LastUpdatedTime"":""2026-08-06T17:30:49-07:00""}}]}]"
"INV-0221","servicem8-job-019f8787-a531-7eaa-947d-470b6936811d:invoice","Igot Goldshtien","2026-07-23","45000","4500","49500","49500","0","","MATCHING_PAYMENT_STATE","285","SECOND_PASS_CLEAR_CANDIDATE_PROPOSAL","49500","0","49500","[""Payment""]","true","Total less Balance is inferred settlement, not proof of a cash receipt. Numeric matches do not resolve customer/reference/ownership conflicts. See per-candidate allocations and links.","[{""qbId"":""285"",""totalCents"":49500,""balanceCents"":0,""inferredPaidCents"":49500,""linkedTransactions"":[{""type"":""Payment"",""id"":""286"",""via"":""payment allocation""}],""linkedPayments"":[{""id"":""286"",""date"":""2026-06-29"",""customerId"":""80"",""totalCents"":49500,""unappliedCents"":0,""allocations"":[{""amountCents"":49500,""links"":[{""TxnId"":""285"",""TxnType"":""Invoice""}]}],""metadata"":{""CreateTime"":""2026-08-11T16:27:53-07:00"",""LastUpdatedTime"":""2026-08-11T16:27:53-07:00""}}]},{""qbId"":""312"",""totalCents"":82170,""balanceCents"":0,""inferredPaidCents"":82170,""linkedTransactions"":[{""type"":""Payment"",""id"":""322"",""via"":""payment allocation""}],""linkedPayments"":[{""id"":""322"",""date"":""2026-08-04"",""customerId"":""87"",""totalCents"":82170,""unappliedCents"":0,""allocations"":[{""amountCents"":82170,""links"":[{""TxnId"":""312"",""TxnType"":""Invoice""}]}],""metadata"":{""CreateTime"":""2026-08-11T16:48:07-07:00"",""LastUpdatedTime"":""2026-08-11T16:48:07-07:00""}}]}]"
"INV-0222","servicem8-job-019f8cb6-6866-7eaa-947c-d041956a7fbd:invoice","Eddy Chang","2026-07-23","80000","8000","88000","88000","0","","MATCHING_PAYMENT_STATE","248","SECOND_PASS_CLEAR_CANDIDATE_PROPOSAL","88000","0","88000","[""Payment""]","true","Total less Balance is inferred settlement, not proof of a cash receipt. Numeric matches do not resolve customer/reference/ownership conflicts. See per-candidate allocations and links.","[{""qbId"":""248"",""totalCents"":88000,""balanceCents"":0,""inferredPaidCents"":88000,""linkedTransactions"":[{""type"":""Payment"",""id"":""264"",""via"":""payment allocation""}],""linkedPayments"":[{""id"":""264"",""date"":""2026-07-24"",""customerId"":""71"",""totalCents"":88000,""unappliedCents"":0,""allocations"":[{""amountCents"":88000,""links"":[{""TxnId"":""248"",""TxnType"":""Invoice""}]}],""metadata"":{""CreateTime"":""2026-08-06T17:30:49-07:00"",""LastUpdatedTime"":""2026-08-06T17:30:49-07:00""}}]},{""qbId"":""249"",""totalCents"":106700,""balanceCents"":0,""inferredPaidCents"":106700,""linkedTransactions"":[{""type"":""Payment"",""id"":""262"",""via"":""payment allocation""}],""linkedPayments"":[{""id"":""262"",""date"":""2026-07-29"",""customerId"":""72"",""totalCents"":106700,""unappliedCents"":0,""allocations"":[{""amountCents"":106700,""links"":[{""TxnId"":""249"",""TxnType"":""Invoice""}]}],""metadata"":{""CreateTime"":""2026-08-06T17:30:49-07:00"",""LastUpdatedTime"":""2026-08-06T17:30:49-07:00""}}]}]"
"INV-0224","servicem8-job-019fa6fe-75ea-7eaa-947c-cd445028051d:invoice","Dream Napasrisoingoen","2026-07-28","97000","9700","106700","106700","0","","MATCHING_PAYMENT_STATE","249","SECOND_PASS_CLEAR_CANDIDATE_PROPOSAL","106700","0","106700","[""Payment""]","true","Total less Balance is inferred settlement, not proof of a cash receipt. Numeric matches do not resolve customer/reference/ownership conflicts. See per-candidate allocations and links.","[{""qbId"":""249"",""totalCents"":106700,""balanceCents"":0,""inferredPaidCents"":106700,""linkedTransactions"":[{""type"":""Payment"",""id"":""262"",""via"":""payment allocation""}],""linkedPayments"":[{""id"":""262"",""date"":""2026-07-29"",""customerId"":""72"",""totalCents"":106700,""unappliedCents"":0,""allocations"":[{""amountCents"":106700,""links"":[{""TxnId"":""249"",""TxnType"":""Invoice""}]}],""metadata"":{""CreateTime"":""2026-08-06T17:30:49-07:00"",""LastUpdatedTime"":""2026-08-06T17:30:49-07:00""}}]},{""qbId"":""250"",""totalCents"":27500,""balanceCents"":0,""inferredPaidCents"":27500,""linkedTransactions"":[{""type"":""Payment"",""id"":""261"",""via"":""payment allocation""}],""linkedPayments"":[{""id"":""261"",""date"":""2026-08-03"",""customerId"":""28"",""totalCents"":27500,""unappliedCents"":0,""allocations"":[{""amountCents"":27500,""links"":[{""TxnId"":""250"",""TxnType"":""Invoice""}]}],""metadata"":{""CreateTime"":""2026-08-06T17:30:48-07:00"",""LastUpdatedTime"":""2026-08-06T17:30:48-07:00""}}]}]"
"INV-0223","servicem8-job-019fa6ef-3492-7eaa-947d-471ec516c3ed:invoice","Vera Mascaro","2026-08-04","74700","7470","82170","82170","0","","MATCHING_PAYMENT_STATE","312","SECOND_PASS_CLEAR_CANDIDATE_PROPOSAL","82170","0","82170","[""Payment""]","true","Total less Balance is inferred settlement, not proof of a cash receipt. Numeric matches do not resolve customer/reference/ownership conflicts. See per-candidate allocations and links.","[{""qbId"":""312"",""totalCents"":82170,""balanceCents"":0,""inferredPaidCents"":82170,""linkedTransactions"":[{""type"":""Payment"",""id"":""322"",""via"":""payment allocation""}],""linkedPayments"":[{""id"":""322"",""date"":""2026-08-04"",""customerId"":""87"",""totalCents"":82170,""unappliedCents"":0,""allocations"":[{""amountCents"":82170,""links"":[{""TxnId"":""312"",""TxnType"":""Invoice""}]}],""metadata"":{""CreateTime"":""2026-08-11T16:48:07-07:00"",""LastUpdatedTime"":""2026-08-11T16:48:07-07:00""}}]}]"
"INV-0225","servicem8-job-019fc9f6-6810-7eaa-947d-f3289182bafd:invoice","Jason Kisielis","2026-08-04","25000","2500","27500","27500","0","","MATCHING_PAYMENT_STATE","250","SECOND_PASS_CLEAR_CANDIDATE_PROPOSAL","27500","0","27500","[""Payment""]","true","Total less Balance is inferred settlement, not proof of a cash receipt. Numeric matches do not resolve customer/reference/ownership conflicts. See per-candidate allocations and links.","[{""qbId"":""250"",""totalCents"":27500,""balanceCents"":0,""inferredPaidCents"":27500,""linkedTransactions"":[{""type"":""Payment"",""id"":""261"",""via"":""payment allocation""}],""linkedPayments"":[{""id"":""261"",""date"":""2026-08-03"",""customerId"":""28"",""totalCents"":27500,""unappliedCents"":0,""allocations"":[{""amountCents"":27500,""links"":[{""TxnId"":""250"",""TxnType"":""Invoice""}]}],""metadata"":{""CreateTime"":""2026-08-06T17:30:48-07:00"",""LastUpdatedTime"":""2026-08-06T17:30:48-07:00""}}]},{""qbId"":""251"",""totalCents"":48400,""balanceCents"":0,""inferredPaidCents"":48400,""linkedTransactions"":[{""type"":""Payment"",""id"":""260"",""via"":""payment allocation""}],""linkedPayments"":[{""id"":""260"",""date"":""2026-08-04"",""customerId"":""63"",""totalCents"":48400,""unappliedCents"":0,""allocations"":[{""amountCents"":48400,""links"":[{""TxnId"":""251"",""TxnType"":""Invoice""}]}],""metadata"":{""CreateTime"":""2026-08-06T17:30:48-07:00"",""LastUpdatedTime"":""2026-08-06T17:30:48-07:00""}}]}]"
"INV-0226","servicem8-job-019fc9f8-caf8-7eaa-947c-ec40b2a77a7d:invoice","Great Ocean Road RV","2026-08-04","44000","4400","48400","48400","0","","MATCHING_PAYMENT_STATE","251","SECOND_PASS_CLEAR_CANDIDATE_PROPOSAL","48400","0","48400","[""Payment""]","true","Total less Balance is inferred settlement, not proof of a cash receipt. Numeric matches do not resolve customer/reference/ownership conflicts. See per-candidate allocations and links.","[{""qbId"":""251"",""totalCents"":48400,""balanceCents"":0,""inferredPaidCents"":48400,""linkedTransactions"":[{""type"":""Payment"",""id"":""260"",""via"":""payment allocation""}],""linkedPayments"":[{""id"":""260"",""date"":""2026-08-04"",""customerId"":""63"",""totalCents"":48400,""unappliedCents"":0,""allocations"":[{""amountCents"":48400,""links"":[{""TxnId"":""251"",""TxnType"":""Invoice""}]}],""metadata"":{""CreateTime"":""2026-08-06T17:30:48-07:00"",""LastUpdatedTime"":""2026-08-06T17:30:48-07:00""}}]}]"
"INV-0228","servicem8-job-019fc9fa-abb2-7eaa-947d-15a30962826d:invoice","Lisa Dumbrell","2026-08-04","73500","7350","80850","80850","0","","MATCHING_PAYMENT_STATE","309","SECOND_PASS_CLEAR_CANDIDATE_PROPOSAL","80850","0","80850","[""Payment""]","true","Total less Balance is inferred settlement, not proof of a cash receipt. Numeric matches do not resolve customer/reference/ownership conflicts. See per-candidate allocations and links.","[{""qbId"":""309"",""totalCents"":80850,""balanceCents"":0,""inferredPaidCents"":80850,""linkedTransactions"":[{""type"":""Payment"",""id"":""323"",""via"":""payment allocation""}],""linkedPayments"":[{""id"":""323"",""date"":""2026-08-04"",""customerId"":""38"",""totalCents"":80850,""unappliedCents"":0,""allocations"":[{""amountCents"":80850,""links"":[{""TxnId"":""309"",""TxnType"":""Invoice""}]}],""metadata"":{""CreateTime"":""2026-08-11T16:48:07-07:00"",""LastUpdatedTime"":""2026-08-11T16:48:07-07:00""}}]},{""qbId"":""252"",""totalCents"":38500,""balanceCents"":0,""inferredPaidCents"":38500,""linkedTransactions"":[{""type"":""Payment"",""id"":""279"",""via"":""payment allocation""}],""linkedPayments"":[{""id"":""279"",""date"":""2026-08-12"",""customerId"":""73"",""totalCents"":38500,""unappliedCents"":0,""allocations"":[{""amountCents"":38500,""links"":[{""TxnId"":""252"",""TxnType"":""Invoice""}]}],""metadata"":{""CreateTime"":""2026-08-11T16:26:32-07:00"",""LastUpdatedTime"":""2026-08-11T16:26:32-07:00""}}]}]"
"INV-0229","servicem8-job-019fca43-5cb6-7eaa-947c-8614f0cdc32d:invoice","Bessel Sleiman","2026-08-04","35000","3500","38500","38500","0","","MATCHING_PAYMENT_STATE","252","SECOND_PASS_CLEAR_CANDIDATE_PROPOSAL","38500","0","38500","[""Payment""]","true","Total less Balance is inferred settlement, not proof of a cash receipt. Numeric matches do not resolve customer/reference/ownership conflicts. See per-candidate allocations and links.","[{""qbId"":""252"",""totalCents"":38500,""balanceCents"":0,""inferredPaidCents"":38500,""linkedTransactions"":[{""type"":""Payment"",""id"":""279"",""via"":""payment allocation""}],""linkedPayments"":[{""id"":""279"",""date"":""2026-08-12"",""customerId"":""73"",""totalCents"":38500,""unappliedCents"":0,""allocations"":[{""amountCents"":38500,""links"":[{""TxnId"":""252"",""TxnType"":""Invoice""}]}],""metadata"":{""CreateTime"":""2026-08-11T16:26:32-07:00"",""LastUpdatedTime"":""2026-08-11T16:26:32-07:00""}}]}]"
"INV-0230","servicem8-job-019fca47-907b-7eaa-947d-021bf6618efd:invoice","Vinay Samuel","2026-08-04","153500","15350","168850","168850","0","","OTHER","","NO_UNAMBIGUOUS_COUNTERPART","","","","[]","true","Total less Balance is inferred settlement, not proof of a cash receipt. Numeric matches do not resolve customer/reference/ownership conflicts. See per-candidate allocations and links.","[{""qbId"":""253"",""totalCents"":121000,""balanceCents"":0,""inferredPaidCents"":121000,""linkedTransactions"":[{""type"":""Payment"",""id"":""259"",""via"":""payment allocation""}],""linkedPayments"":[{""id"":""259"",""date"":""2026-08-04"",""customerId"":""74"",""totalCents"":121000,""unappliedCents"":0,""allocations"":[{""amountCents"":121000,""links"":[{""TxnId"":""253"",""TxnType"":""Invoice""}]}],""metadata"":{""CreateTime"":""2026-08-06T17:30:48-07:00"",""LastUpdatedTime"":""2026-08-06T17:30:48-07:00""}}]}]"
"INV-0231","servicem8-job-019fca4c-0fa5-7eaa-947c-38dffb0f865d:invoice","Jian Zhou","2026-08-04","110000","11000","121000","121000","0","","MATCHING_PAYMENT_STATE","253","SECOND_PASS_CLEAR_CANDIDATE_PROPOSAL","121000","0","121000","[""Payment""]","true","Total less Balance is inferred settlement, not proof of a cash receipt. Numeric matches do not resolve customer/reference/ownership conflicts. See per-candidate allocations and links.","[{""qbId"":""253"",""totalCents"":121000,""balanceCents"":0,""inferredPaidCents"":121000,""linkedTransactions"":[{""type"":""Payment"",""id"":""259"",""via"":""payment allocation""}],""linkedPayments"":[{""id"":""259"",""date"":""2026-08-04"",""customerId"":""74"",""totalCents"":121000,""unappliedCents"":0,""allocations"":[{""amountCents"":121000,""links"":[{""TxnId"":""253"",""TxnType"":""Invoice""}]}],""metadata"":{""CreateTime"":""2026-08-06T17:30:48-07:00"",""LastUpdatedTime"":""2026-08-06T17:30:48-07:00""}}]},{""qbId"":""311"",""totalCents"":115500,""balanceCents"":0,""inferredPaidCents"":115500,""linkedTransactions"":[{""type"":""Payment"",""id"":""321"",""via"":""payment allocation""}],""linkedPayments"":[{""id"":""321"",""date"":""2026-08-06"",""customerId"":""88"",""totalCents"":115500,""unappliedCents"":0,""allocations"":[{""amountCents"":115500,""links"":[{""TxnId"":""311"",""TxnType"":""Invoice""}]}],""metadata"":{""CreateTime"":""2026-08-11T16:48:06-07:00"",""LastUpdatedTime"":""2026-08-11T16:48:06-07:00""}}]}]"
"INV-0232","servicem8-job-019fca50-f9ea-7eaa-947d-39e96b11f4bd:invoice","Rocco Colangelo","2026-08-04","105000","10500","115500","115500","0","","MATCHING_PAYMENT_STATE","311","SECOND_PASS_CLEAR_CANDIDATE_PROPOSAL","115500","0","115500","[""Payment""]","true","Total less Balance is inferred settlement, not proof of a cash receipt. Numeric matches do not resolve customer/reference/ownership conflicts. See per-candidate allocations and links.","[{""qbId"":""311"",""totalCents"":115500,""balanceCents"":0,""inferredPaidCents"":115500,""linkedTransactions"":[{""type"":""Payment"",""id"":""321"",""via"":""payment allocation""}],""linkedPayments"":[{""id"":""321"",""date"":""2026-08-06"",""customerId"":""88"",""totalCents"":115500,""unappliedCents"":0,""allocations"":[{""amountCents"":115500,""links"":[{""TxnId"":""311"",""TxnType"":""Invoice""}]}],""metadata"":{""CreateTime"":""2026-08-11T16:48:06-07:00"",""LastUpdatedTime"":""2026-08-11T16:48:06-07:00""}}]}]"
"INV-0234","servicem8-job-019fcb12-92b2-7eaa-947d-d503e20f1a8d:invoice","ROSS-HUNT real estate","2026-08-04","60000","6000","66000","66000","0","","MATCHING_PAYMENT_STATE","254","SECOND_PASS_CLEAR_CANDIDATE_PROPOSAL","66000","0","66000","[""Payment""]","true","Total less Balance is inferred settlement, not proof of a cash receipt. Numeric matches do not resolve customer/reference/ownership conflicts. See per-candidate allocations and links.","[{""qbId"":""254"",""totalCents"":66000,""balanceCents"":0,""inferredPaidCents"":66000,""linkedTransactions"":[{""type"":""Payment"",""id"":""258"",""via"":""payment allocation""}],""linkedPayments"":[{""id"":""258"",""date"":""2026-08-06"",""customerId"":""75"",""totalCents"":66000,""unappliedCents"":0,""allocations"":[{""amountCents"":66000,""links"":[{""TxnId"":""254"",""TxnType"":""Invoice""}]}],""metadata"":{""CreateTime"":""2026-08-06T17:30:48-07:00"",""LastUpdatedTime"":""2026-08-06T17:30:48-07:00""}}]},{""qbId"":""255"",""totalCents"":74800,""balanceCents"":0,""inferredPaidCents"":74800,""linkedTransactions"":[{""type"":""Payment"",""id"":""257"",""via"":""payment allocation""}],""linkedPayments"":[{""id"":""257"",""date"":""2026-08-06"",""customerId"":""30"",""totalCents"":74800,""unappliedCents"":0,""allocations"":[{""amountCents"":74800,""links"":[{""TxnId"":""255"",""TxnType"":""Invoice""}]}],""metadata"":{""CreateTime"":""2026-08-06T17:30:47-07:00"",""LastUpdatedTime"":""2026-08-06T17:30:47-07:00""}}]}]"
"INV-0235","servicem8-job-019fcf1c-3dc1-7eaa-947c-db183bd14e7d:invoice","Paul Rosen","2026-08-05","68000","6800","74800","74800","0","","MATCHING_PAYMENT_STATE","255","SECOND_PASS_CLEAR_CANDIDATE_PROPOSAL","74800","0","74800","[""Payment""]","true","Total less Balance is inferred settlement, not proof of a cash receipt. Numeric matches do not resolve customer/reference/ownership conflicts. See per-candidate allocations and links.","[{""qbId"":""255"",""totalCents"":74800,""balanceCents"":0,""inferredPaidCents"":74800,""linkedTransactions"":[{""type"":""Payment"",""id"":""257"",""via"":""payment allocation""}],""linkedPayments"":[{""id"":""257"",""date"":""2026-08-06"",""customerId"":""30"",""totalCents"":74800,""unappliedCents"":0,""allocations"":[{""amountCents"":74800,""links"":[{""TxnId"":""255"",""TxnType"":""Invoice""}]}],""metadata"":{""CreateTime"":""2026-08-06T17:30:47-07:00"",""LastUpdatedTime"":""2026-08-06T17:30:47-07:00""}}]},{""qbId"":""256"",""totalCents"":27500,""balanceCents"":27500,""inferredPaidCents"":0,""linkedTransactions"":[],""linkedPayments"":[]}]"
"INV-0236","servicem8-job-019fd52e-16ac-7eaa-947c-0fb356f9bf1d:invoice","Kate Collins","2026-08-06","25000","2500","27500","27500","0","","ELSET_PAID_QB_UNPAID","256","SECOND_PASS_CLEAR_CANDIDATE_PROPOSAL","27500","27500","0","[]","true","Total less Balance is inferred settlement, not proof of a cash receipt. Numeric matches do not resolve customer/reference/ownership conflicts. See per-candidate allocations and links.","[{""qbId"":""256"",""totalCents"":27500,""balanceCents"":27500,""inferredPaidCents"":0,""linkedTransactions"":[],""linkedPayments"":[]},{""qbId"":""291"",""totalCents"":60830,""balanceCents"":0,""inferredPaidCents"":60830,""linkedTransactions"":[{""type"":""Payment"",""id"":""306"",""via"":""payment allocation""}],""linkedPayments"":[{""id"":""306"",""date"":""2026-08-06"",""customerId"":""85"",""totalCents"":60830,""unappliedCents"":0,""allocations"":[{""amountCents"":60830,""links"":[{""TxnId"":""291"",""TxnType"":""Invoice""}]}],""metadata"":{""CreateTime"":""2026-08-11T16:28:56-07:00"",""LastUpdatedTime"":""2026-08-11T16:28:56-07:00""}}]}]"
"INV-0237","servicem8-job-019fd532-ec91-7eaa-947d-b1068581566d:invoice","NORTHEN INVESTMENT ENTERPRISES","2026-08-06","55300","5530","60830","60830","0","","MATCHING_PAYMENT_STATE","291","SECOND_PASS_CLEAR_CANDIDATE_PROPOSAL","60830","0","60830","[""Payment""]","true","Total less Balance is inferred settlement, not proof of a cash receipt. Numeric matches do not resolve customer/reference/ownership conflicts. See per-candidate allocations and links.","[{""qbId"":""291"",""totalCents"":60830,""balanceCents"":0,""inferredPaidCents"":60830,""linkedTransactions"":[{""type"":""Payment"",""id"":""306"",""via"":""payment allocation""}],""linkedPayments"":[{""id"":""306"",""date"":""2026-08-06"",""customerId"":""85"",""totalCents"":60830,""unappliedCents"":0,""allocations"":[{""amountCents"":60830,""links"":[{""TxnId"":""291"",""TxnType"":""Invoice""}]}],""metadata"":{""CreateTime"":""2026-08-11T16:28:56-07:00"",""LastUpdatedTime"":""2026-08-11T16:28:56-07:00""}}]}]"
"INV-0239","servicem8-job-019fefd5-4259-7eaa-947c-916e46df6a3d:invoice","Nick Nesci","2026-08-11","186000","18600","204600","204600","0","","OTHER","","NO_UNAMBIGUOUS_COUNTERPART","","","","[]","true","Total less Balance is inferred settlement, not proof of a cash receipt. Numeric matches do not resolve customer/reference/ownership conflicts. See per-candidate allocations and links.","[{""qbId"":""278"",""totalCents"":71500,""balanceCents"":0,""inferredPaidCents"":71500,""linkedTransactions"":[{""type"":""Payment"",""id"":""280"",""via"":""payment allocation""}],""linkedPayments"":[{""id"":""280"",""date"":""2026-08-12"",""customerId"":""77"",""totalCents"":71500,""unappliedCents"":0,""allocations"":[{""amountCents"":71500,""links"":[{""TxnId"":""278"",""TxnType"":""Invoice""}]}],""metadata"":{""CreateTime"":""2026-08-11T16:26:32-07:00"",""LastUpdatedTime"":""2026-08-11T16:26:32-07:00""}}]}]"
"INV-0240","servicem8-job-019fefdc-664c-7eaa-947d-031b5a443e3d:invoice","Smile Constructions Pty Ltd","2026-08-11","65000","6500","71500","71500","0","","MATCHING_PAYMENT_STATE","278","SECOND_PASS_CLEAR_CANDIDATE_PROPOSAL","71500","0","71500","[""Payment""]","true","Total less Balance is inferred settlement, not proof of a cash receipt. Numeric matches do not resolve customer/reference/ownership conflicts. See per-candidate allocations and links.","[{""qbId"":""278"",""totalCents"":71500,""balanceCents"":0,""inferredPaidCents"":71500,""linkedTransactions"":[{""type"":""Payment"",""id"":""280"",""via"":""payment allocation""}],""linkedPayments"":[{""id"":""280"",""date"":""2026-08-12"",""customerId"":""77"",""totalCents"":71500,""unappliedCents"":0,""allocations"":[{""amountCents"":71500,""links"":[{""TxnId"":""278"",""TxnType"":""Invoice""}]}],""metadata"":{""CreateTime"":""2026-08-11T16:26:32-07:00"",""LastUpdatedTime"":""2026-08-11T16:26:32-07:00""}}]}]"
"INV-0242","servicem8-job-019ff849-8b27-7eaa-947d-0b2d7b5753dd:invoice","YOUR owners corporation","2026-08-13","136000","13600","149600","149600","0","","OTHER","","NO_UNAMBIGUOUS_COUNTERPART","","","","[]","true","Total less Balance is inferred settlement, not proof of a cash receipt. Numeric matches do not resolve customer/reference/ownership conflicts. See per-candidate allocations and links.","[{""qbId"":""343"",""totalCents"":73700,""balanceCents"":0,""inferredPaidCents"":73700,""linkedTransactions"":[{""type"":""Payment"",""id"":""351"",""via"":""payment allocation""}],""linkedPayments"":[{""id"":""351"",""date"":""2026-08-20"",""customerId"":""6"",""totalCents"":73700,""unappliedCents"":0,""allocations"":[{""amountCents"":73700,""links"":[{""TxnId"":""343"",""TxnType"":""Invoice""}]}],""metadata"":{""CreateTime"":""2026-09-09T20:26:23-07:00"",""LastUpdatedTime"":""2026-09-09T20:26:23-07:00""}}]}]"
"INV-0243","servicem8-job-019ff96c-f7e2-7eaa-947c-ac7fb547723d:invoice","YOUR owners corporation","2026-08-13","67000","6700","73700","73700","0","","MATCHING_PAYMENT_STATE","343","SECOND_PASS_CLEAR_CANDIDATE_PROPOSAL","73700","0","73700","[""Payment""]","true","Total less Balance is inferred settlement, not proof of a cash receipt. Numeric matches do not resolve customer/reference/ownership conflicts. See per-candidate allocations and links.","[{""qbId"":""343"",""totalCents"":73700,""balanceCents"":0,""inferredPaidCents"":73700,""linkedTransactions"":[{""type"":""Payment"",""id"":""351"",""via"":""payment allocation""}],""linkedPayments"":[{""id"":""351"",""date"":""2026-08-20"",""customerId"":""6"",""totalCents"":73700,""unappliedCents"":0,""allocations"":[{""amountCents"":73700,""links"":[{""TxnId"":""343"",""TxnType"":""Invoice""}]}],""metadata"":{""CreateTime"":""2026-09-09T20:26:23-07:00"",""LastUpdatedTime"":""2026-09-09T20:26:23-07:00""}}]}]"
"INV-0244","servicem8-job-019ff96e-b8a4-7eaa-947c-f700c4a1c8dd:invoice","YOUR owners corporation","2026-08-13","90500","9050","99550","99550","0","","OTHER","","NO_UNAMBIGUOUS_COUNTERPART","","","","[]","true","Total less Balance is inferred settlement, not proof of a cash receipt. Numeric matches do not resolve customer/reference/ownership conflicts. See per-candidate allocations and links.","[{""qbId"":""344"",""totalCents"":440000,""balanceCents"":0,""inferredPaidCents"":440000,""linkedTransactions"":[{""type"":""Payment"",""id"":""345"",""via"":""payment allocation""}],""linkedPayments"":[{""id"":""345"",""date"":""2026-08-18"",""customerId"":""93"",""totalCents"":440000,""unappliedCents"":0,""allocations"":[{""amountCents"":440000,""links"":[{""TxnId"":""344"",""TxnType"":""Invoice""}]}],""metadata"":{""CreateTime"":""2026-08-19T00:27:19-07:00"",""LastUpdatedTime"":""2026-08-19T00:27:19-07:00""}}]}]"
"INV-0245","servicem8-job-019ff971-6e3b-7eaa-947d-befdddc0b51d:invoice","MKS PROJECTS","2026-08-13","400000","40000","440000","440000","0","","MATCHING_PAYMENT_STATE","344","SECOND_PASS_CLEAR_CANDIDATE_PROPOSAL","440000","0","440000","[""Payment""]","true","Total less Balance is inferred settlement, not proof of a cash receipt. Numeric matches do not resolve customer/reference/ownership conflicts. See per-candidate allocations and links.","[{""qbId"":""344"",""totalCents"":440000,""balanceCents"":0,""inferredPaidCents"":440000,""linkedTransactions"":[{""type"":""Payment"",""id"":""345"",""via"":""payment allocation""}],""linkedPayments"":[{""id"":""345"",""date"":""2026-08-18"",""customerId"":""93"",""totalCents"":440000,""unappliedCents"":0,""allocations"":[{""amountCents"":440000,""links"":[{""TxnId"":""344"",""TxnType"":""Invoice""}]}],""metadata"":{""CreateTime"":""2026-08-19T00:27:19-07:00"",""LastUpdatedTime"":""2026-08-19T00:27:19-07:00""}}]}]"
"INV-0246","servicem8-job-019ff975-b4f8-7eaa-947d-f292538d600d:invoice","YOUR owners corporation","2026-08-17","420000","42000","462000","462000","0","","OTHER","","NO_UNAMBIGUOUS_COUNTERPART","","","","[]","true","Total less Balance is inferred settlement, not proof of a cash receipt. Numeric matches do not resolve customer/reference/ownership conflicts. See per-candidate allocations and links.","[]"
"INV-0233","servicem8-job-019fcb0f-7498-7eaa-947d-5e2753b3896d:invoice","ROSS-HUNT real estate","2026-08-19","62000","6200","68200","68200","0","","OTHER","","NO_UNAMBIGUOUS_COUNTERPART","","","","[]","true","Total less Balance is inferred settlement, not proof of a cash receipt. Numeric matches do not resolve customer/reference/ownership conflicts. See per-candidate allocations and links.","[{""qbId"":""254"",""totalCents"":66000,""balanceCents"":0,""inferredPaidCents"":66000,""linkedTransactions"":[{""type"":""Payment"",""id"":""258"",""via"":""payment allocation""}],""linkedPayments"":[{""id"":""258"",""date"":""2026-08-06"",""customerId"":""75"",""totalCents"":66000,""unappliedCents"":0,""allocations"":[{""amountCents"":66000,""links"":[{""TxnId"":""254"",""TxnType"":""Invoice""}]}],""metadata"":{""CreateTime"":""2026-08-06T17:30:48-07:00"",""LastUpdatedTime"":""2026-08-06T17:30:48-07:00""}}]}]"
"INV-0249","servicem8-job-01a03b51-3c9c-7eaa-947c-e9540b3cbd9d:invoice","George & Heidi Koumantatakis","2026-08-26","538000","53800","591800","385000","206800","352","ELSET_PARTIAL_QB_UNPAID","352","FIRST_PASS_SELECTED_COUNTERPART","591800","591800","0","[]","false","Total less Balance is inferred settlement, not proof of a cash receipt. Numeric matches do not resolve customer/reference/ownership conflicts. See per-candidate allocations and links.","[{""qbId"":""352"",""totalCents"":591800,""balanceCents"":591800,""inferredPaidCents"":0,""linkedTransactions"":[],""linkedPayments"":[]}]"
"INV-0252","servicem8-job-01a0423e-832f-7eaa-947c-46e77ebb612d:invoice","Melbourne Auto Rental & Repairs Pty Ltd","2026-08-27","48000","4800","52800","52800","0","353","ELSET_PAID_QB_UNPAID","353","FIRST_PASS_SELECTED_COUNTERPART","52800","52800","0","[]","false","Total less Balance is inferred settlement, not proof of a cash receipt. Numeric matches do not resolve customer/reference/ownership conflicts. See per-candidate allocations and links.","[{""qbId"":""353"",""totalCents"":52800,""balanceCents"":52800,""inferredPaidCents"":0,""linkedTransactions"":[],""linkedPayments"":[]},{""qbId"":""346"",""totalCents"":52800,""balanceCents"":0,""inferredPaidCents"":52800,""linkedTransactions"":[{""type"":""Payment"",""id"":""348"",""via"":""payment allocation""}],""linkedPayments"":[{""id"":""348"",""date"":""2026-09-08"",""customerId"":""94"",""totalCents"":52800,""unappliedCents"":0,""allocations"":[{""amountCents"":52800,""links"":[{""TxnId"":""346"",""TxnType"":""Invoice""}]}],""metadata"":{""CreateTime"":""2026-09-09T20:26:23-07:00"",""LastUpdatedTime"":""2026-09-09T20:26:23-07:00""}}]}]"
"INV-0251","servicem8-job-01a03d67-0dec-7eaa-947d-747bbfb1ee1d:invoice","Barbara M","2026-08-28","910000","91000","1001000","500000","501000","354","ELSET_PARTIAL_QB_UNPAID","354","FIRST_PASS_SELECTED_COUNTERPART","1001000","1001000","0","[]","false","Total less Balance is inferred settlement, not proof of a cash receipt. Numeric matches do not resolve customer/reference/ownership conflicts. See per-candidate allocations and links.","[{""qbId"":""354"",""totalCents"":1001000,""balanceCents"":1001000,""inferredPaidCents"":0,""linkedTransactions"":[],""linkedPayments"":[]},{""qbId"":""346"",""totalCents"":52800,""balanceCents"":0,""inferredPaidCents"":52800,""linkedTransactions"":[{""type"":""Payment"",""id"":""348"",""via"":""payment allocation""}],""linkedPayments"":[{""id"":""348"",""date"":""2026-09-08"",""customerId"":""94"",""totalCents"":52800,""unappliedCents"":0,""allocations"":[{""amountCents"":52800,""links"":[{""TxnId"":""346"",""TxnType"":""Invoice""}]}],""metadata"":{""CreateTime"":""2026-09-09T20:26:23-07:00"",""LastUpdatedTime"":""2026-09-09T20:26:23-07:00""}}]}]"
"INV-0255","servicem8-job-01a05a13-ea71-7eaa-947d-006b0a76aa7d:invoice","YOUR owners corporation","2026-09-01","52000","5200","57200","57200","0","355","ELSET_PAID_QB_UNPAID","355","FIRST_PASS_SELECTED_COUNTERPART","57200","57200","0","[]","false","Total less Balance is inferred settlement, not proof of a cash receipt. Numeric matches do not resolve customer/reference/ownership conflicts. See per-candidate allocations and links.","[{""qbId"":""355"",""totalCents"":57200,""balanceCents"":57200,""inferredPaidCents"":0,""linkedTransactions"":[],""linkedPayments"":[]}]"
"INV-0258","servicem8-job-01a05a61-768a-7eaa-947d-0698f8819bad:invoice","YOUR owners corporation","2026-09-01","36000","3600","39600","39600","0","356","ELSET_PAID_QB_UNPAID","356","FIRST_PASS_SELECTED_COUNTERPART","39600","39600","0","[]","false","Total less Balance is inferred settlement, not proof of a cash receipt. Numeric matches do not resolve customer/reference/ownership conflicts. See per-candidate allocations and links.","[{""qbId"":""356"",""totalCents"":39600,""balanceCents"":39600,""inferredPaidCents"":0,""linkedTransactions"":[],""linkedPayments"":[]}]"
"INV-0259","servicem8-job-01a05fd1-8a77-7eaa-947d-ae683845900d:invoice","Melbourne Auto Rental & Repairs Pty Ltd","2026-09-06","271400","27140","298540","298540","0","358","ELSET_PAID_QB_UNPAID","358","FIRST_PASS_SELECTED_COUNTERPART","298540","298540","0","[]","false","Total less Balance is inferred settlement, not proof of a cash receipt. Numeric matches do not resolve customer/reference/ownership conflicts. See per-candidate allocations and links.","[{""qbId"":""358"",""totalCents"":298540,""balanceCents"":298540,""inferredPaidCents"":0,""linkedTransactions"":[],""linkedPayments"":[]}]"
"INV-0265","7d6e49d1-af3a-4e11-aa6c-0672a31fe44e:invoice","Ming Li","2026-09-08","42500","4250","46750","46750","0","360","ELSET_PAID_QB_UNPAID","360","FIRST_PASS_SELECTED_COUNTERPART","46750","46750","0","[]","false","Total less Balance is inferred settlement, not proof of a cash receipt. Numeric matches do not resolve customer/reference/ownership conflicts. See per-candidate allocations and links.","[{""qbId"":""360"",""totalCents"":46750,""balanceCents"":46750,""inferredPaidCents"":0,""linkedTransactions"":[],""linkedPayments"":[]}]"
"INV-0266","3c064c27-5b05-4d06-a834-c5269c2a8417:invoice","Adrian","2026-09-09","35000","3500","38500","38500","0","362","ELSET_PAID_QB_UNPAID","362","FIRST_PASS_SELECTED_COUNTERPART","38500","38500","0","[]","false","Total less Balance is inferred settlement, not proof of a cash receipt. Numeric matches do not resolve customer/reference/ownership conflicts. See per-candidate allocations and links.","[{""qbId"":""362"",""totalCents"":38500,""balanceCents"":38500,""inferredPaidCents"":0,""linkedTransactions"":[],""linkedPayments"":[]}]"
"INV-0272","2e4a7350-e712-46c4-b5d2-17edc63ecfe8:invoice","CHESTWELL PTY LTD","2026-09-10","324000","32400","356400","356400","0","363","ELSET_PAID_QB_UNPAID","363","FIRST_PASS_SELECTED_COUNTERPART","356400","356400","0","[]","false","Total less Balance is inferred settlement, not proof of a cash receipt. Numeric matches do not resolve customer/reference/ownership conflicts. See per-candidate allocations and links.","[{""qbId"":""363"",""totalCents"":356400,""balanceCents"":356400,""inferredPaidCents"":0,""linkedTransactions"":[],""linkedPayments"":[]}]"
"INV-0264","aad2b4ab-1d02-4673-9e97-c64a073bd954:invoice","Joe Crisara","2026-09-10","393636","39364","433000","433000","0","364","ELSET_PAID_QB_UNPAID","364","FIRST_PASS_SELECTED_COUNTERPART","433000","433000","0","[]","false","Total less Balance is inferred settlement, not proof of a cash receipt. Numeric matches do not resolve customer/reference/ownership conflicts. See per-candidate allocations and links.","[{""qbId"":""364"",""totalCents"":433000,""balanceCents"":433000,""inferredPaidCents"":0,""linkedTransactions"":[],""linkedPayments"":[]}]"
"INV-0273","fc8c9c4d-8ec0-4df4-8713-457c00583cff:invoice","Turnbullcook","2026-09-11","111000","11100","122100","122100","0","365","ELSET_PAID_QB_UNPAID","365","FIRST_PASS_SELECTED_COUNTERPART","122100","122100","0","[]","false","Total less Balance is inferred settlement, not proof of a cash receipt. Numeric matches do not resolve customer/reference/ownership conflicts. See per-candidate allocations and links.","[{""qbId"":""365"",""totalCents"":122100,""balanceCents"":122100,""inferredPaidCents"":0,""linkedTransactions"":[],""linkedPayments"":[]}]"
"INV-0227","servicem8-job-019fc9f9-ef4d-7eaa-947d-8337f9f9c4bd:invoice","Vera Mascaro","2026-09-11","74700","7470","82170","82170","0","366","ELSET_PAID_QB_UNPAID","366","FIRST_PASS_SELECTED_COUNTERPART","82170","82170","0","[]","false","Total less Balance is inferred settlement, not proof of a cash receipt. Numeric matches do not resolve customer/reference/ownership conflicts. See per-candidate allocations and links.","[{""qbId"":""366"",""totalCents"":82170,""balanceCents"":82170,""inferredPaidCents"":0,""linkedTransactions"":[],""linkedPayments"":[]},{""qbId"":""309"",""totalCents"":80850,""balanceCents"":0,""inferredPaidCents"":80850,""linkedTransactions"":[{""type"":""Payment"",""id"":""323"",""via"":""payment allocation""}],""linkedPayments"":[{""id"":""323"",""date"":""2026-08-04"",""customerId"":""38"",""totalCents"":80850,""unappliedCents"":0,""allocations"":[{""amountCents"":80850,""links"":[{""TxnId"":""309"",""TxnType"":""Invoice""}]}],""metadata"":{""CreateTime"":""2026-08-11T16:48:07-07:00"",""LastUpdatedTime"":""2026-08-11T16:48:07-07:00""}}]}]"